{
  "build.ps1": 1776456802.461485,
  "config.py": 1775705254.8136919,
  "main.py": 1775705307.1532612,
  "watch.ps1": 1774115026.0,
  "app\\cv_detector.py": 1774041174.0,
  "app\\debug_layer.py": 1775982640.9279315,
  "app\\live_scanner.py": 1775152826.0,
  "app\\overlay.py": 1775157260.0,
  "app\\server.py": 1776488661.4822247,
  "app\\__init__.py": 1773930236.0,
  "app\\static\\bundle.js": 1776491476.2947693,
  "app\\static\\bundle.min.js": 1776491476.4096594,
  "app\\static\\globals.d.ts": 1775646456.961266,
  "app\\static\\components\\AccordionPanel.js": 1775535058.0,
  "app\\static\\components\\ActionPanel.js": 1776274147.1407647,
  "app\\static\\components\\AnalyticsPanel.js": 1775035354.0,
  "app\\static\\components\\App.jsx": 1776491324.6527247,
  "app\\static\\components\\BetSpreadHelper.js": 1776491285.0056033,
  "app\\static\\components\\BettingPanel.js": 1776274248.1410348,
  "app\\static\\components\\BettingRampPanel.js": 1775982682.027994,
  "app\\static\\components\\CardGrid.js": 1776274224.2404685,
  "app\\static\\components\\CasinoRiskMeter.js": 1774641164.0,
  "app\\static\\components\\CenterToolBar.js": 1776274166.8895774,
  "app\\static\\components\\CompDepAlert.js": 1775035354.0,
  "app\\static\\components\\ConfirmationPanel.js": 1775151842.0,
  "app\\static\\components\\constants.js": 1775705359.1000257,
  "app\\static\\components\\CountHistory.js": 1774641210.0,
  "app\\static\\components\\DealOrderEngine.js": 1776145557.0480528,
  "app\\static\\components\\DebugLayer.js": 1775669302.8404846,
  "app\\static\\components\\DragLayoutEditor.js": 1776419131.1987872,
  "app\\static\\components\\EdgeMeter.js": 1775982660.2559605,
  "app\\static\\components\\HandDisplay.js": 1776274345.0617168,
  "app\\static\\components\\I18Panel.js": 1776145606.8652287,
  "app\\static\\components\\LiveOverlayPanel.jsx": 1774641270.0,
  "app\\static\\components\\MultiSystemPanel.js": 1776145947.0398552,
  "app\\static\\components\\OutcomeStrip.js": 1776274512.529931,
  "app\\static\\components\\SeenCardsPanel.js": 1775151766.0,
  "app\\static\\components\\SessionStats.js": 1774640750.0,
  "app\\static\\components\\ShoePanel.js": 1774640750.0,
  "app\\static\\components\\ShuffleTracker.js": 1774640750.0,
  "app\\static\\components\\SideBetPanel.js": 1774640750.0,
  "app\\static\\components\\SideCountPanel.js": 1774640922.0,
  "app\\static\\components\\SplitHandPanel.js": 1776274390.2884786,
  "app\\static\\components\\StopAlerts.js": 1775573550.0,
  "app\\static\\components\\StrategyRefTable.js": 1774640750.0,
  "app\\static\\components\\TopBar.js": 1776491400.0388548,
  "app\\static\\components\\utils.js": 1774640750.0,
  "app\\static\\components\\Widget.js": 1774669310.0,
  "app\\static\\components\\WongPanel.js": 1775151720.0,
  "app\\static\\components\\ZoneConfigPanel.js": 1775151810.0,
  "blackjack\\betting.py": 1776489489.6248786,
  "blackjack\\card.py": 1776456749.5247557,
  "blackjack\\counting.py": 1776488836.691326,
  "blackjack\\deviations.py": 1776145586.3072147,
  "blackjack\\game.py": 1775982995.5904424,
  "blackjack\\side_bets.py": 1776491216.625822,
  "blackjack\\strategy.py": 1776491099.388188,
  "blackjack\\__init__.py": 1773930236.0,
  "build-src\\fix_hooks.js": 1775040560.0,
  "build-src\\minify.js": 1774099136.0,
  "build-src\\src\\AccordionPanel.js": 1776491473.5385027,
  "build-src\\src\\ActionPanel.js": 1776491473.5415118,
  "build-src\\src\\AnalyticsPanel.js": 1776491473.543528,
  "build-src\\src\\App.tsx": 1776491324.6527247,
  "build-src\\src\\BetSpreadHelper.js": 1776491473.5465035,
  "build-src\\src\\BettingPanel.js": 1776491473.5485036,
  "build-src\\src\\BettingRampPanel.js": 1776491473.5505028,
  "build-src\\src\\CardGrid.js": 1776491473.5535128,
  "build-src\\src\\CasinoRiskMeter.js": 1776491473.5592911,
  "build-src\\src\\CenterToolBar.js": 1776491473.5612924,
  "build-src\\src\\CompDepAlert.js": 1776491473.5633006,
  "build-src\\src\\ConfirmationPanel.js": 1776491473.5664494,
  "build-src\\src\\constants.js": 1776491473.568451,
  "build-src\\src\\CountHistory.js": 1776491473.570472,
  "build-src\\src\\DealOrderEngine.js": 1776491473.5740063,
  "build-src\\src\\DebugLayer.js": 1775669302.8404846,
  "build-src\\src\\DragLayoutEditor.js": 1776491473.5774522,
  "build-src\\src\\EdgeMeter.js": 1776491473.579451,
  "build-src\\src\\HandDisplay.js": 1776491473.5819666,
  "build-src\\src\\I18Panel.js": 1776491473.5844817,
  "build-src\\src\\LiveOverlayPanel.tsx": 1776491473.6283267,
  "build-src\\src\\MultiSystemPanel.js": 1776491473.5874815,
  "build-src\\src\\OutcomeStrip.js": 1776491473.5884826,
  "build-src\\src\\SeenCardsPanel.js": 1776491473.5904825,
  "build-src\\src\\SessionStats.js": 1776491473.592484,
  "build-src\\src\\ShoePanel.js": 1776491473.594481,
  "build-src\\src\\ShuffleTracker.js": 1776491473.599505,
  "build-src\\src\\SideBetPanel.js": 1776491473.6014793,
  "build-src\\src\\SideCountPanel.js": 1776491473.6034803,
  "build-src\\src\\SplitHandPanel.js": 1776491473.6054795,
  "build-src\\src\\StopAlerts.js": 1776491473.6087892,
  "build-src\\src\\StrategyRefTable.js": 1776491473.6107926,
  "build-src\\src\\TopBar.js": 1776491473.6128032,
  "build-src\\src\\utils.js": 1776491473.6148105,
  "build-src\\src\\Widget.js": 1776491473.6177962,
  "build-src\\src\\WongPanel.js": 1776491473.6187994,
  "build-src\\src\\ZoneConfigPanel.js": 1776491473.6208,
  "ml_model\\model.py": 1775666545.3608942,
  "ml_model\\shuffle_tracker.py": 1776491179.9782424,
  "ml_model\\simulate.py": 1776491153.0815127,
  "ml_model\\train.py": 1776491448.8207562,
  "ml_model\\__init__.py": 1776145317.3621519,
  "tests\\audit_counting_systems.py": 1775705188.3923924,
  "tests\\test_blackjack.py": 1775705493.0355153,
  "yolo\\generate_dataset.py": 1774041288.0,
  "yolo\\train_yolo.py": 1775149140.0,
  "flake8_output.txt": 1775157190.0,
  "README.md": 1775841082.896444,
  "requirements.txt": 1775158674.0,
  "test_out.txt": 1775156290.0,
  "app\\templates\\diag.html": 1775158200.0,
  "app\\templates\\index.html": 1774669310.0,
  "app\\templates\\test.html": 1775158212.0,
  "runs\\detect\\yolo\\runs\\card_detector\\labels.jpg": 1774124418.0,
  "runs\\detect\\yolo\\runs\\card_detector\\train_batch0.jpg": 1774124462.0,
  "runs\\detect\\yolo\\runs\\card_detector\\train_batch1.jpg": 1774124508.0,
  "runs\\detect\\yolo\\runs\\card_detector\\train_batch2.jpg": 1774124556.0
}